{"cameraMode":{"drawMode":0,"name":"Shaded","section":"Shading Mode"},"sceneLighting":true,"audioPlay":false,"sceneViewState":{"showFog":true,"showMaterialUpdate":false,"showSkybox":true,"showFlares":true,"showImageEffects":true,"showParticleSystems":true},"in2DMode":false,"pivot":{"x":-9.49742317199707,"y":0.8038845062255859,"z":1.7732982635498047},"rotation":{"x":-0.19141066074371339,"y":-0.34291884303092959,"z":0.0715901330113411,"w":-0.9168701171875},"size":10.683578491210938,"orthographic":false}