{"cameraMode":{"drawMode":0,"name":"Shaded","section":"Shading Mode"},"sceneLighting":true,"audioPlay":false,"sceneViewState":{"showFog":true,"showMaterialUpdate":false,"showSkybox":true,"showFlares":true,"showImageEffects":true,"showParticleSystems":true},"in2DMode":false,"pivot":{"x":-22.70316505432129,"y":-4.448731422424316,"z":-77.38160705566406},"rotation":{"x":-0.09615936875343323,"y":0.00507345050573349,"z":-0.0004899813793599606,"w":-0.9953551888465881},"size":8.29083251953125,"orthographic":false}