{"cameraMode":{"drawMode":0,"name":"Shaded","section":"Shading Mode"},"sceneLighting":true,"audioPlay":false,"sceneViewState":{"showFog":true,"showMaterialUpdate":false,"showSkybox":true,"showFlares":true,"showImageEffects":true,"showParticleSystems":true},"in2DMode":false,"pivot":{"x":-10.336968421936036,"y":4.807363033294678,"z":-3.027425527572632},"rotation":{"x":0.02580709010362625,"y":0.0003102157497778535,"z":-0.000007852416274545249,"w":0.9996711015701294},"size":11.389870643615723,"orthographic":false}