{"cameraMode":{"drawMode":0,"name":"Shaded","section":"Shading Mode"},"sceneLighting":true,"audioPlay":false,"sceneViewState":{"showFog":true,"showMaterialUpdate":false,"showSkybox":true,"showFlares":true,"showImageEffects":true,"showParticleSystems":true},"in2DMode":false,"pivot":{"x":-10.316025733947754,"y":4.559999942779541,"z":-2.9935410022735597},"rotation":{"x":0.11997053027153015,"y":0.15746206045150758,"z":-0.019275901839137079,"w":0.9800242185592651},"size":10.64362621307373,"orthographic":false}