{"cameraMode":{"drawMode":0,"name":"Shaded","section":"Shading Mode"},"sceneLighting":true,"audioPlay":false,"sceneViewState":{"showFog":true,"showMaterialUpdate":false,"showSkybox":true,"showFlares":true,"showImageEffects":true,"showParticleSystems":true},"in2DMode":false,"pivot":{"x":-91.98036193847656,"y":0.9681569337844849,"z":-3.3446946144104006},"rotation":{"x":-0.02388973906636238,"y":0.17841556668281556,"z":-0.0044925520196557049,"w":-0.9837444424629211},"size":1.4447110891342164,"orthographic":true}